experimento,estrategia,carga,taxa,repeticao,tentativa,ordem,timestamp,throughput,requisicoes,lat_media,lat_p50,lat_p90,lat_p95,lat_p99,lat_max,leitura_p50,leitura_p95,leitura_p99,escrita_p50,escrita_p95,escrita_p99,taxa_erros,descartadas,taxa_acerto_cache,nginx_hits,respostas_304,api_requisicoes,api_ops_banco,sql_total,sql_select,api_cpu_media,api_cpu_max,api_mem_media_mib,api_mem_max_mib,pg_cpu_media,redis_cpu_media,redis_mem_media_mib,nginx_cpu_media,k6_cpu_media,k6_cpu_max,host_swap_mib,host_mem_livre_pct,sustentavel
capacidade,none,mista,400,1,1,1,2026-09-23T05:03:30.054Z,400.0092,12001,1.4425,1.4326,1.9862,2.306,5.1472,501.6777,0.6749,1.3912,3.8289,1.68,2.7257,5.9753,0,0,,0,0,12001,13200,43739,25859,39.14,46.6,129.46,130.4,13.35,0.76,20.35,3.18,13.02,17.65,0,49,1
capacidade,none,mista,600,1,1,2,2026-09-23T05:04:22.944Z,599.9692,18001,1.913,1.3477,2.0997,2.8989,10.4548,501.9231,0.6307,1.7209,8.7893,1.5884,3.8858,11.1744,0,0,,0,0,18001,19853,65620,38799,52.71,62.33,145.71,146.5,18.83,0.72,20.13,4.38,17.5,24.24,0,45,1
capacidade,none,mista,800,1,1,3,2026-09-23T05:05:17.647Z,791.1427,24001,3.6982,1.4075,3.0492,7.7808,26.8573,2001.1887,0.7222,6.2685,30.6546,1.7612,8.8734,24.6322,0,0,,0,0,24001,26408,87252,51668,65.48,73.16,156.09,157.3,25.41,0.71,20.06,5.67,22.2,29.5,0,47,1
capacidade,none,mista,1000,1,1,4,2026-09-23T05:06:14.877Z,955.4008,30001,18.8099,1.8624,35.242,53.9002,501.4118,2503.0805,1.0307,75.558,506.1087,2.255,43.9348,77.4735,0,0,,0,0,30001,33021,109118,64596,83.67,98.48,159.69,160.9,33.82,0.72,20.06,6.48,27.87,41.21,0,46,1
capacidade,none,mista,1200,1,1,5,2026-09-23T05:07:12.795Z,975.6642,31789,896.695,230.8975,4505.2991,5268.9106,5330.3561,5394.0233,354.2475,5299.9473,5349.0939,159.8467,307.0798,363.7164,0,4212,,0,0,31789,35003,115541,68412,100.39,106.09,153.62,155,40.34,0.77,20.06,7.8,30.05,41.65,0,46,0
capacidade,none,mista,1200,1,2,6,2026-09-23T05:08:10.173Z,998.1105,32000,883.6228,222.9273,4503.2219,5258.263,5310.991,5398.3125,337.7494,5284.6262,5330.5015,155.0927,274.5742,317.0415,0,4001,,0,0,32000,35202,116186,68873,97.71,106.23,153.85,154.8,40.91,0.78,20.06,7.79,29.67,40.15,0,46,0
capacidade,redis,mista,400,1,1,7,2026-09-23T05:09:03.509Z,400.011,12001,1.6758,1.5993,2.1936,2.5993,6.6955,501.5355,0.7599,1.7746,3.922,1.8319,3.2351,7.6133,0,0,0.4016,0,0,12001,10820,38984,21101,41.41,53.34,134.63,136.2,12.72,2.49,29.07,3.24,13.15,16.42,0,47,1
capacidade,redis,mista,600,1,1,8,2026-09-23T05:09:56.453Z,599.9654,18001,2.2553,1.5122,2.3674,3.4926,12.8592,502.3443,0.7125,2.3869,9.7896,1.7694,4.5811,14.4514,0,0,0.38,0,0,18001,16475,58829,31999,53.88,65.87,147.97,150,18,3.09,34.04,4.33,17.31,23.23,0,46,1
capacidade,redis,mista,800,1,1,9,2026-09-23T05:10:50.769Z,776.2791,24001,5.8894,1.6496,4.5758,14.723,42.0335,3001.0575,0.7908,11.2187,55.7206,2.0508,16.8086,37.8019,0,0,0.3893,0,0,24001,21772,77617,42027,68.09,79.33,152.02,153.8,24.13,3.85,38.2,5.16,22.16,30.21,0,47,1
capacidade,redis,mista,1000,1,1,10,2026-09-23T05:11:46.917Z,988.769,30001,16.3882,2.1667,33.1532,50.8483,500.7498,2001.3599,1.2394,59.9631,502.4618,2.577,46.6963,66.2486,0,0,0.3946,0,0,30001,27142,96192,51677,84.08,93.98,158.01,159.5,31.03,4.52,40.66,6.14,29.64,73.19,0,45,1
capacidade,redis,mista,1200,1,1,11,2026-09-23T05:13:12.122Z,1058.8676,33966,786.818,242.9478,2932.4603,5343.9532,5476.7399,5586.3587,433.225,5427.5832,5504.3495,218.5059,288.3366,328.6687,0,2035,0.4376,0,0,33966,29798,103680,53461,100.2,106.7,156.44,158.1,37.01,4.67,40.37,6.74,30.38,70.32,0,45,0
capacidade,redis,mista,1200,1,2,12,2026-09-23T05:14:10.656Z,1029.0601,33915,772.872,240.7894,2553.7882,5350.0197,5488.7014,5622.2443,431.1265,5426.3392,5529.525,217.2226,295.0293,330.5528,0,2086,0.4339,0,0,33915,29853,104007,53667,97.66,105.29,158.58,160.5,37.46,4.73,40.11,6.84,31.01,73.57,0,44,0
capacidade,none,leitura,400,1,1,13,2026-09-23T05:15:03.576Z,400.0112,12001,1.196,0.7899,1.702,2.2304,3.2773,1000.4394,0.7742,1.4565,2.6067,2.0281,3.2274,5.2189,0,0,,0,0,12001,14157,29846,26370,30.48,37.49,122.12,128.4,12.78,0.78,20.59,3.48,14.24,17.15,0,46,1
capacidade,none,leitura,600,1,1,14,2026-09-23T05:15:57.484Z,582.4467,18001,1.6239,0.6843,1.5702,2.0837,4.1902,1016.0968,0.6695,1.3731,4.0068,1.7402,2.8262,5.8666,0,0,,0,0,18001,21257,44832,39565,36.67,43.26,132.24,135.3,16.55,0.74,20.6,4.59,17.15,22.84,0,46,1
capacidade,none,leitura,800,1,1,15,2026-09-23T05:16:51.995Z,799.9786,24001,3.0903,0.6783,1.8967,2.4,9.9671,1000.6121,0.644,1.7757,9.5954,1.9797,4.3191,11.3635,0,0,,0,0,24001,28309,59844,52716,46.15,54.31,133.02,134.8,20.87,0.73,20.48,5.51,20.86,28.25,0,45,1
capacidade,none,leitura,1000,1,1,16,2026-09-23T05:17:46.006Z,999.9888,30001,5.7031,0.7693,2.2044,3.5425,22.5792,2003.2803,0.7121,3.1077,24.4053,2.116,5.9105,16.4584,0,0,,0,0,30001,35433,74764,65921,55.78,63.18,136.84,138.8,25.91,0.72,20.3,6.01,27.11,72.21,0,44,1
capacidade,none,leitura,1200,1,1,17,2026-09-23T05:18:40.483Z,1167.6761,36000,12.9957,0.8551,5.7075,19.9848,500.9656,2002.8942,0.7695,20.1071,501.0737,2.2189,19.0085,41.055,0,0,,0,0,36000,42516,89739,79068,67.72,75.25,140.11,142,31.78,0.73,20.15,7.3,29.06,36.44,0,45,1
capacidade,none,leitura,1600,1,1,18,2026-09-23T05:19:40.367Z,1356.123,45190,430.5146,28.3165,1071.2695,3520.1047,5060.9369,5133.4114,29.784,4018.6339,5063.7059,22.5502,77.8935,90.8257,0,2811,,0,0,45190,53377,112587,99213,96.39,105.35,142.37,143.8,45.24,0.76,20.14,10.34,37.83,46.6,0,45,0
capacidade,none,leitura,1600,1,2,19,2026-09-23T05:20:40.002Z,1363.1501,45614,425.9334,27.9477,1072.0257,3515.0533,5057.6086,5145.2388,29.252,4009.8754,5059.8637,22.7323,76.7461,92.5378,0,2388,,0,0,45614,53856,113688,100140,95.38,105.61,141.57,142.3,46.07,0.77,20.13,9.95,36.75,44.06,0,45,0
capacidade,memory,mista,400,1,1,20,2026-09-23T05:21:33.248Z,400.0007,12001,1.7805,1.4581,2.0876,2.612,16.3462,500.823,0.6462,1.5298,13.3475,1.7172,3.5361,19.8343,0,0,0.4026,0,0,12001,10812,38977,21091,38.22,46.68,148.8,156.3,12.38,0.74,20.15,3.2,13.3,19.09,0,46,1
capacidade,memory,mista,600,1,1,21,2026-09-23T05:22:54.006Z,595.0526,18001,4.3077,1.3785,2.7551,12.9975,54.5662,1001.564,0.596,7.9161,58.4887,1.6383,17.7302,51.9795,0,0,0.385,0,0,18001,16426,58809,31964,53.2,60.95,156.43,171.4,18.07,0.71,20.14,4.43,18.52,31.95,0,46,1
capacidade,memory,mista,800,1,1,22,2026-09-23T05:23:47.629Z,799.975,24001,11.9436,1.4859,27.4177,55.3118,124.0622,1001.4393,0.6682,58.0978,500.74,1.8487,53.7234,88.0025,0,0,0.3911,0,0,24001,21761,77928,42358,68.26,78.15,165.82,180.9,24.08,0.72,20.14,5.27,23.02,30.48,0,44,1
capacidade,memory,mista,1000,1,1,23,2026-09-23T05:24:44.353Z,968.4361,30001,51.903,2.6518,100.3604,144.1853,1000.1001,5002.2593,1.5843,501.7444,1005.5645,4.5122,103.1417,136.7805,0,0,0.4075,0,0,30001,26941,97019,52473,86.05,100.18,175.92,197.4,32.82,0.74,20.13,6.78,29.36,45.2,0,44,0
capacidade,memory,mista,1000,1,2,24,2026-09-23T05:25:40.787Z,975.6795,29995,62.3621,2.9195,109.8544,169.4486,1002.2315,5021.4547,1.7928,506.0826,1501.2767,6.0266,107.6992,147.9612,0,0,0.4101,0,0,29995,26903,96886,52378,88.2,98.28,176.68,192.3,32.48,0.77,20.14,6.73,28.55,44.19,0,44,0
capacidade,memory,escrita,400,1,1,25,2026-09-23T05:26:33.825Z,399.9994,12001,1.6839,1.4946,1.948,2.6443,6.9678,33.1966,0.6689,1.4488,5.6205,1.5166,2.7736,7.1259,0,0,0.1552,0,0,12001,12065,56340,24775,47.39,55.81,144.04,144.9,14.09,0.69,20.15,3.03,13.8,28.86,0,47,1
capacidade,memory,escrita,600,1,1,26,2026-09-23T05:27:26.940Z,595.8549,18001,3.9871,1.4921,6.5571,20.9239,44.2604,505.4844,0.6948,21.3302,51.2746,1.5301,20.8507,43.7855,0,0,0.1237,0,0,18001,18152,84619,37266,64.37,79.94,163.74,165.2,21.25,0.75,20.14,4.26,18.1,23.17,0,45,1
capacidade,memory,escrita,800,1,1,27,2026-09-23T05:28:22.198Z,790.2434,24000,32.743,2.0386,125.3652,184.0495,247.4656,3553.2898,1.1055,360.7145,1004.2682,2.089,180.5898,230.3073,0,0,0.1315,0,0,24000,24185,112721,49667,83.21,101.67,173.88,175.5,29.98,0.75,20.14,5.5,23.52,32.57,0,44,0
capacidade,memory,escrita,800,1,2,28,2026-09-23T05:29:16.841Z,799.9555,24001,48.1065,2.3577,188.312,262.2761,384.0689,5001.9958,1.3531,500.8136,1862.2007,2.4362,258.0258,301.4603,0,0,0.1291,0,0,24001,24194,112717,49681,87.59,105.59,175.98,177.5,30.72,0.75,20.14,5.54,23.95,33.04,0,44,0
capacidade,http,mista,400,1,1,29,2026-09-23T05:30:09.770Z,400.0102,12001,1.1353,1.1092,2.106,2.4001,4.9561,57.7213,0.1119,0.8079,1.2574,1.7796,2.8981,6.1729,0,0,0.8762,5181,423,6820,6852,32210,14330,32.21,38.24,129.33,131.2,9.95,0.74,20.14,3.02,13.11,17.17,0,47,1
capacidade,http,mista,600,1,1,30,2026-09-23T05:31:02.708Z,600.0102,18001,1.1343,1.0029,2.201,2.5634,5.8411,36.2051,0.1059,0.7472,1.1423,1.7501,3.4895,7.4917,0,0,0.8956,7934,651,10067,10091,47927,21103,43.69,56.03,144.41,146.3,13.46,0.73,20.14,4.35,18.58,28.24,0,46,1
capacidade,http,mista,800,1,1,31,2026-09-23T05:32:23.244Z,799.9746,24001,1.1843,1.0896,2.2924,2.8148,8.1291,32.3695,0.1014,0.7647,1.4217,1.7484,4.143,10.5626,0,0,0.8977,10666,875,13335,13356,63522,27943,50.66,62.7,165.54,166.3,16.71,0.71,20.14,5.22,22.08,32.41,0,45,1
capacidade,http,mista,1000,1,1,32,2026-09-23T05:33:16.465Z,999.9114,30000,1.794,1.2499,2.716,4.9065,21.7959,81.5251,0.1022,0.795,1.689,1.9213,10.7841,31.1963,0,0,0.9119,13531,1077,16469,16486,79081,34548,60.77,77.15,165.12,166.4,21.26,0.73,20.14,6.38,26.12,38.62,0,44,1
capacidade,http,mista,1200,1,1,33,2026-09-23T05:34:09.707Z,1199.9619,36001,2.8291,1.2974,4.0805,13.1078,40.8389,499.8141,0.1058,0.9404,3.3559,2.1957,24.4717,48.3484,0,0,0.9143,16343,1501,19658,19675,94304,41123,73.11,84.21,171.57,172.5,25.26,0.74,20.13,7.44,30.41,39.98,0,44,1
capacidade,http,mista,1600,1,1,34,2026-09-23T05:35:04.737Z,1541.7395,47311,406.1159,278.4213,1008.4263,1073.9773,1926.2828,2111.1001,0.128,1746.9771,1988.0658,671.5655,1051.6605,1104.8613,0,689,0.9112,21462,2466,25849,25867,123348,53819,100.21,107.35,178.7,182.5,37.16,0.77,20.13,9.35,40.13,48.38,0,44,0
capacidade,http,mista,1600,1,2,35,2026-09-23T05:35:59.785Z,1496.1638,46204,564.2496,570.1605,1130.5631,1222.538,2000.1096,2500.1205,0.1304,1907.7661,2060.698,991.7167,1186.9824,1230.1562,0,1798,0.9112,20938,2366,25266,25283,120613,52623,97.41,107.09,182.8,185.2,36.71,0.75,20.14,9.16,39.53,50.6,0,44,0
capacidade,http,leitura,400,1,1,36,2026-09-23T05:36:52.815Z,400.0136,12001,0.6093,0.197,1.8349,3.3656,4.6853,13.1094,0.1843,1.2094,1.6561,3.3759,5.1577,6.3274,0,0,0.9022,9774,1180,2227,2247,8158,4685,14.4,23.49,119.38,124.4,4.98,1.14,20.16,4.45,21.58,34.62,0,46,1
capacidade,http,leitura,600,1,1,37,2026-09-23T05:37:45.718Z,599.9687,18001,0.4479,0.1326,1.5249,2.4712,3.4523,22.0091,0.1283,0.9057,1.3141,2.4632,3.7735,4.9742,0,0,0.9198,14927,1790,3074,3087,11731,6467,15.24,28.8,119.72,122,5.49,0.9,20.14,4.5,22.38,51.32,0,45,1
capacidade,http,leitura,800,1,1,38,2026-09-23T05:38:38.793Z,799.9709,24000,0.4499,0.1207,1.7136,2.4927,3.7739,23.7938,0.117,0.8282,1.3217,2.473,4.3702,6.5548,0,0,0.9324,20147,2405,3853,3861,15234,8122,19.55,25.56,125.21,127.8,6.28,0.83,20.18,5.21,25.16,62.95,0,44,1
capacidade,http,leitura,1000,1,1,39,2026-09-23T05:39:32.397Z,999.975,30001,0.4359,0.1167,1.7207,2.4114,3.6018,20.589,0.1135,0.809,1.4518,2.3902,4.2824,7.1733,0,0,0.9417,25446,3047,4555,4562,18462,9606,22.57,30.09,128.48,131.6,7.16,0.84,20.14,6.08,27.1,38.71,0,44,1
capacidade,http,leitura,1200,1,1,40,2026-09-23T05:40:25.590Z,1199.9729,36000,0.4335,0.1169,1.6967,2.4021,3.6818,36.0075,0.1132,0.7924,1.4824,2.3718,4.3812,6.8683,0,0,0.9495,30766,4110,5234,5241,21698,11028,24.3,30.46,129.19,130,8.08,0.81,20.15,6.69,31.5,71.43,0,44,1
capacidade,http,leitura,1600,1,1,41,2026-09-23T05:41:46.300Z,1599.8062,48002,0.4568,0.1168,1.7998,2.4239,3.8633,21.5894,0.1127,0.8529,2.0177,2.3377,4.7154,9.3676,0,0,0.958,41376,6592,6626,6628,28197,13958,30.44,45.04,131.91,132.8,10.07,0.82,20.15,8.33,38.19,75.37,0,44,1
capacidade,http,leitura,2000,1,1,42,2026-09-23T05:42:39.469Z,1999.9632,60001,0.4755,0.113,1.8243,2.4289,4.0122,28.5152,0.1081,0.9192,2.4964,2.2463,5.2826,11.253,0,0,0.9634,51996,9384,8005,8006,34686,16859,34.42,45.09,134.63,135.5,11.62,0.8,20.16,9.88,40.55,48.15,0,44,1
capacidade,memory,leitura,400,1,1,43,2026-09-23T05:43:32.521Z,400.0285,12001,1.0438,0.3191,1.963,2.4775,3.8652,500.9618,0.2993,1.7281,2.9484,2.3244,3.6337,5.7687,0,0,0.6633,0,0,12001,6842,15345,11869,25.46,33.94,142.96,164.4,9.29,0.85,20.14,3.69,15.03,19.81,0,44,1
capacidade,memory,leitura,600,1,1,44,2026-09-23T05:44:25.470Z,599.9857,18001,2.3597,0.2587,1.6999,2.2845,28.0103,516.2393,0.243,1.4696,27.4532,1.9028,3.4099,29.2374,0,0,0.6738,0,0,18001,10124,22776,17499,28.86,42.15,163.98,185.8,11.27,0.77,20.14,4.74,18.23,24.65,0,44,1
capacidade,memory,leitura,800,1,1,45,2026-09-23T05:45:18.755Z,799.9678,24001,4.4047,0.2639,2.0757,2.7913,59.7394,1000.7598,0.2342,2.0581,61.7196,2.1215,5.268,50.1464,0,0,0.6846,0,0,24001,13263,30000,22878,38.11,46.12,182.35,207.4,13.91,0.75,20.13,5.43,22.23,30.87,0,44,1
capacidade,memory,leitura,1000,1,1,46,2026-09-23T05:46:12.833Z,986.8534,30001,8.6345,0.318,2.3182,7.6562,500.1275,1501.7764,0.2515,6.1702,500.3418,2.114,18.4528,88.107,0,0,0.6901,0,0,30001,16439,37106,28275,42.93,53.86,193,219,16.97,0.71,20.26,5.97,25.59,36.44,0,44,1
capacidade,memory,leitura,1200,1,1,47,2026-09-23T05:47:06.946Z,1181.7334,36000,17.2512,0.4396,6.4861,55.418,500.7892,2000.5383,0.3085,54.9349,500.8934,2.1651,59.4496,106.0011,0,0,0.694,0,0,36000,19648,44416,33719,49.96,61.42,204.77,225.3,20.66,0.71,20.14,7.07,29.5,37.12,0,45,1
capacidade,memory,leitura,1600,1,1,48,2026-09-23T05:48:03.684Z,1567.7338,48001,40.6852,0.9235,72.9251,499.7829,502.5774,3524.1943,0.6801,500.0046,503.0798,2.6648,99.5942,158.6391,0,0,0.6948,0,0,48001,26138,59076,44841,69.44,87.67,216.69,228.8,28.51,0.74,20.17,9.42,38.24,49.38,0,44,0
capacidade,memory,leitura,1600,1,2,49,2026-09-23T05:48:58.854Z,1555.2505,48001,39.7241,0.8959,71.6041,499.6016,501.9096,4501.5834,0.6587,499.8919,502.1241,2.6463,101.4775,164.5392,0,0,0.697,0,0,48001,26002,58757,44582,68.19,76.3,217.33,229.5,28.29,0.76,20.13,9.14,37.47,46.27,0,44,0
capacidade,http,escrita,400,1,1,50,2026-09-23T05:49:51.909Z,399.9925,12001,1.577,1.4875,1.9122,2.5027,6.1839,30.6326,0.1175,0.9423,1.8592,1.5097,2.6501,6.4099,0,0,0.7634,910,21,11091,11120,54670,23105,43.12,55.52,141.64,142.6,13.63,0.75,20.14,3.09,12.89,16.63,0,44,1
capacidade,http,escrita,600,1,1,51,2026-09-23T05:51:12.367Z,599.9908,18001,2.1559,1.4383,2.3277,4.7402,18.8883,95.3208,0.1159,0.9513,3.0465,1.4754,5.1006,20.1687,0,0,0.7452,1331,28,16670,16702,82053,34702,59.79,71.46,166.87,167.9,19.56,0.72,20.14,4.21,18.04,26.29,0,43,1
capacidade,http,escrita,800,1,1,52,2026-09-23T05:52:06.790Z,799.9321,24001,7.5477,1.7339,24.4768,44.298,80.2913,112.0189,0.123,1.3,18.5891,1.8245,46.9111,82.4159,0,0,0.773,1873,39,22128,22155,109135,46087,80.05,100.2,174.56,175.2,27.31,0.75,20.14,5.6,23.1,30.41,0,43,1
capacidade,http,escrita,1000,1,1,53,2026-09-23T05:53:01.483Z,913.1276,27871,997.6126,1077.1474,1190.1013,1229.9505,2100.4235,2499.1394,0.1496,2141.8844,2231.9394,1083.8663,1209.1602,1612.6862,0,2129,0.7824,2201,38,25670,25699,126817,53543,96.95,105.99,180.36,182.7,36.74,0.8,20.14,6.5,27.88,38.25,0,43,0
capacidade,http,escrita,1000,1,2,54,2026-09-23T05:53:56.344Z,900.845,27569,1004.7608,1089.7563,1213.5346,1290.3758,2135.4539,2500.3291,0.1492,2185.3632,2255.038,1097.1647,1258.8063,1542.2372,0,2433,0.7837,2174,36,25395,25424,125470,52973,99.22,105.02,179.02,180.2,35.95,0.78,20.14,6.38,27.92,40.32,0,43,0
capacidade,redis,leitura,400,1,1,55,2026-09-23T05:54:49.418Z,399.167,12001,1.183,0.4164,2.0841,2.5202,3.3094,1000.1867,0.3904,1.9824,2.7213,2.375,3.3862,4.3072,0,0,0.6634,0,0,12001,6841,15327,11854,25.85,36.25,120.48,125.2,8.87,2.58,36.41,3.52,13.75,17.56,0,44,1
capacidade,redis,leitura,600,1,1,56,2026-09-23T05:55:43.516Z,599.9985,18001,1.5909,0.3754,1.8642,2.2413,3.5416,1001.4012,0.3423,1.7598,2.9355,2.0244,3.2071,5.3056,0,0,0.6738,0,0,18001,10124,22753,17489,32.47,39.69,126.5,129.5,11.34,3.06,44.26,4.42,17.78,24.56,0,45,1
capacidade,redis,leitura,800,1,1,57,2026-09-23T05:56:36.693Z,799.9769,24001,2.2141,0.3801,2.0371,2.495,4.899,1001.0784,0.3343,1.8228,4.2184,2.2496,3.6834,7.8181,0,0,0.6836,0,0,24001,13285,29960,22830,40.12,46.04,132.18,134,14.21,3.5,52.49,5.43,23.59,56.43,0,44,1
capacidade,redis,leitura,1000,1,1,58,2026-09-23T05:57:30.742Z,994.4078,30001,4.2609,0.4228,2.1644,2.7392,13.162,1499.7219,0.3358,2.1025,13.2738,2.2454,4.7267,10.8671,0,0,0.6902,0,0,30001,16462,37060,28202,48.51,57.43,137.92,139.5,15.83,3.89,60.64,5.94,25.14,35.99,0,44,1
capacidade,redis,leitura,1200,1,1,59,2026-09-23T05:58:24.529Z,1181.0311,36001,4.8847,0.483,2.2995,3.079,16.8186,1501.4332,0.3703,2.4631,17.6981,2.3031,6.4014,15.2697,0,0,0.6955,0,0,36001,19571,44129,33431,54.05,64.34,133.03,134.5,19.05,4.44,67.43,7.02,29.64,43.21,0,44,1
capacidade,redis,leitura,1600,1,1,60,2026-09-23T05:59:21.693Z,1464.482,48001,19.4554,0.8166,5.1391,20.2893,502.46,5018.625,0.6592,20.088,503.3204,2.6961,21.7764,49.758,0,0,0.7002,0,0,48001,25937,58016,43816,68.52,78.19,145.41,147,26.59,5.5,82.71,8.47,39.01,77.37,0,41,1
capacidade,redis,leitura,2000,1,1,61,2026-09-23T06:00:46.988Z,1965.9481,60002,33.2905,1.2838,26.4907,64.4993,510.2702,2503.2399,1.0412,499.7733,538.5944,3.5125,43.9914,62.1827,0,0,0.6991,0,0,60002,32506,72115,54319,83.07,93.17,144.42,145.3,36.04,6.55,93.73,10.26,43.39,50.43,0,47,1
capacidade,redis,escrita,400,1,1,62,2026-09-23T06:01:40.049Z,399.979,12001,1.7998,1.5995,2.1968,2.958,7.1754,32.4688,0.7914,1.8658,6.5293,1.6223,3.0922,7.2063,0,0,0.1502,0,0,12001,12071,56352,24787,47.72,58.23,145.52,146.5,14.11,2.31,25.46,3.03,12.75,16.53,0,47,1
capacidade,redis,escrita,600,1,1,63,2026-09-23T06:02:33.085Z,599.9651,18001,2.6613,1.619,3.6868,7.8215,24.6813,502.3526,0.8184,5.2869,23.4597,1.6602,8.0241,24.8172,0,0,0.1193,0,0,18001,18160,84608,37255,67.68,83.09,166.19,167.8,20.87,3.11,25.28,4.36,18.44,27.54,0,46,1
capacidade,redis,escrita,800,1,1,64,2026-09-23T06:03:27.777Z,792.5486,24001,106.6708,7.1791,383.8548,455.6618,689.7364,5704.8266,2.738,986.8077,4502.3609,8.1865,440.4518,513.9438,0,0,0.139,0,0,24001,24168,112461,49414,88.93,105.95,173.01,174.2,30.86,3.71,25.82,5.39,22.98,31.43,0,47,0
capacidade,redis,escrita,800,1,2,65,2026-09-23T06:04:22.592Z,789.3574,24000,80.219,2.6898,335.8581,417.9154,559.8466,5358.8765,1.8335,851.3201,3168.6339,2.7653,404.2657,485.6456,0,0,0.1324,0,0,24000,24185,112502,49433,86.81,105.36,170.44,172.7,31.06,3.71,25.83,5.29,23.49,32.1,0,46,0
capacidade,none,escrita,400,1,1,66,2026-09-23T06:05:15.477Z,399.9917,12001,1.6625,1.473,1.9114,2.5282,6.581,39.8296,0.67,1.5207,5.0821,1.4948,2.6233,6.6705,0,0,,0,0,12001,12250,56710,25145,45.1,54.57,144.96,145.8,14.64,0.75,22.82,2.95,14.05,35.42,0,49,1
capacidade,none,escrita,600,1,1,67,2026-09-23T06:06:08.376Z,599.9578,18000,2.2652,1.4493,2.6184,5.6175,20.7107,501.212,0.6731,3.7192,17.3721,1.4785,5.8358,20.872,0,0,,0,0,18000,18372,85059,37706,63.82,78.98,163.63,164.6,20.6,0.71,22.82,4.24,17.95,23.65,0,48,1
capacidade,none,escrita,800,1,1,68,2026-09-23T06:07:03.034Z,792.7485,24000,51.4986,2.0015,221.6077,306.3208,468.1409,4503.8548,1.0895,616.131,2118.5672,2.049,298.299,346.8308,0,0,,0,0,24000,24504,113363,50312,84.03,102.37,173.49,174.8,30.22,0.74,22.61,5.74,24.22,36.88,0,47,0
capacidade,none,escrita,800,1,2,69,2026-09-23T06:07:57.755Z,799.9387,24000,25.5601,1.8915,76.7624,162.5347,223.8989,3081.1422,1.0471,315.2399,825.6198,1.9329,158.0712,207.66,0,0,,0,0,24000,24505,113352,50302,80.89,101.13,175.61,176.4,29.67,0.74,22.58,5.76,23.33,34.03,0,48,0
capacidade,redis,mista,400,2,1,70,2026-09-23T06:08:50.677Z,399.9908,12001,1.4293,1.5951,2.1591,2.519,5.1792,17.3354,0.7622,1.7465,3.1152,1.8202,2.967,6.1097,0,0,0.401,0,0,12001,10827,38993,21113,41.39,47.11,135.03,136.5,12.5,2.44,31.37,3.12,12.83,18.13,0,50,1
capacidade,redis,mista,600,2,1,71,2026-09-23T06:10:11.077Z,599.9664,18001,2.1435,1.5195,2.3989,3.2811,11.7802,503.3145,0.7148,2.0455,8.8408,1.8016,4.5345,13.0012,0,0,0.3846,0,0,18001,16438,58759,31932,53.27,62.43,148.52,149.4,17.74,3.1,36.26,4.35,17.3,23.82,0,50,1
capacidade,redis,mista,800,2,1,72,2026-09-23T06:11:04.587Z,799.7529,24000,6.3245,1.6611,6.3262,20.5868,51.1203,2501.7852,0.8064,16.0501,71.7019,2.0733,22.6374,45.7239,0,0,0.3903,0,0,24000,21750,77506,41936,68.72,77.01,152.09,153.1,24.16,3.83,40.11,5.22,22.41,31.78,0,48,1
capacidade,redis,mista,1000,2,1,73,2026-09-23T06:12:01.135Z,994.3476,30000,15.1554,2.1116,30.6024,50.5596,500.7994,1500.0283,1.2079,59.6841,502.3216,2.5164,45.7535,67.1178,0,0,0.3949,0,0,30000,27144,96197,51691,83.51,95.07,158.67,160,30.9,4.66,42.77,6.02,26.91,37.5,0,48,1
capacidade,redis,mista,1200,2,1,74,2026-09-23T06:12:58.423Z,1055.31,33740,769.2954,248.364,2506.1413,5363.6361,5497.0983,5750.7612,443.9597,5442.5283,5525.153,223.6748,305.3279,344.1874,0,2260,0.4394,0,0,33740,29553,103030,53138,97.51,105.8,160.34,165.9,37.22,4.67,42.11,6.73,30.23,65.89,0,48,0
capacidade,redis,mista,1200,2,2,75,2026-09-23T06:13:57.486Z,1038.0802,33808,789.2648,243.9235,2930.648,5356.2995,5484.3952,5657.4475,434.5167,5423.5803,5527.1985,222.2359,303.5366,341.8361,0,2189,0.4377,0,0,33808,29662,103204,53291,98.9,103.35,159.15,160.8,37.58,4.77,42.61,6.91,29.41,41.34,0,48,0
capacidade,memory,leitura,400,2,1,76,2026-09-23T06:14:50.473Z,400.0162,12001,1.2542,0.3171,1.9795,2.5171,4.2658,500.8523,0.3,1.7482,3.1359,2.3588,3.6491,5.4374,0,0,0.6641,0,0,12001,6831,15326,11850,25.22,36.48,142.1,162.6,9.58,0.87,22.47,3.8,14.76,19.31,0,48,1
capacidade,memory,leitura,600,2,1,77,2026-09-23T06:15:43.768Z,599.9768,18000,2.1518,0.2547,1.7144,2.2397,18.367,502.537,0.2396,1.48,17.4414,1.9466,3.5094,25.5266,0,0,0.6741,0,0,18000,10125,22764,17494,29.22,40.76,163.68,183.4,11.52,0.77,22.46,4.53,18.06,25.93,0,48,1
capacidade,memory,leitura,800,2,1,78,2026-09-23T06:16:38.079Z,774.8838,24000,3.879,0.263,1.9971,2.5526,49.9694,1019.7955,0.2333,1.671,51.39,2.1394,4.3427,36.4171,0,0,0.6836,0,0,24000,13296,30063,22935,35.97,46.94,182.43,208.9,14.43,0.72,22.45,5.51,21.64,28.43,0,48,1
capacidade,memory,leitura,1000,2,1,79,2026-09-23T06:17:32.942Z,968.3383,30002,7.8151,0.3169,2.3524,7.5228,499.5712,1499.8515,0.2519,6.0052,499.8462,2.1853,18.4617,74.5535,0,0,0.6917,0,0,30002,16382,37042,28181,42.82,55.69,196.93,223.3,17.12,0.75,22.37,6.42,25.6,34.52,0,47,1
capacidade,memory,leitura,1200,2,1,80,2026-09-23T06:18:27.306Z,1185.6767,36000,14.105,0.3933,3.4881,39.4858,500.5944,1501.4163,0.2938,37.7786,500.725,2.1744,46.5806,98.0998,0,0,0.6931,0,0,36000,19664,44461,33764,50.73,59.97,204.31,224.2,19.02,0.73,22.37,6.72,28.41,38.09,0,49,1
capacidade,memory,leitura,1600,2,1,81,2026-09-23T06:19:50.310Z,1564.993,48001,40.3049,0.9203,77.1751,499.755,502.0207,4016.0148,0.669,500.0165,502.1998,2.6871,113.8593,157.371,0,0,0.6932,0,0,48001,26234,59165,44978,66.65,80.58,217.55,230.4,28.73,0.78,22.22,9.12,39.86,79.35,0,47,0
capacidade,memory,leitura,1600,2,2,82,2026-09-23T06:20:45.419Z,1560.2326,48001,39.7923,0.8916,73.179,499.6923,501.9802,3012.3449,0.6533,499.9527,502.1621,2.6654,113.2509,161.0986,0,0,0.6947,0,0,48001,26154,59118,44864,66.81,75.19,215.33,227,28.31,0.76,22.23,9.17,37.35,44.06,0,48,0
capacidade,redis,escrita,400,2,1,83,2026-09-23T06:21:38.400Z,400.0061,12001,1.8576,1.5926,2.187,3.0976,7.9863,45.5777,0.7822,1.8853,5.015,1.6147,3.2951,8.2437,0,0,0.151,0,0,12001,12070,56350,24785,49.3,56.02,147.57,148.5,14.05,2.31,24.26,2.91,12.79,16.82,0,48,1
capacidade,redis,escrita,600,2,1,84,2026-09-23T06:22:31.296Z,599.9466,18000,2.9985,1.6246,4.1527,9.4671,31.4923,525.3088,0.8118,7.6454,30.4358,1.6683,9.6432,31.4779,0,0,0.1232,0,0,18000,18152,84581,37231,68.75,83.05,166.19,167.5,20.76,3.05,25.11,4.25,17.93,23.4,0,48,1
capacidade,redis,escrita,800,2,1,85,2026-09-23T06:23:25.894Z,799.9547,24000,73.7058,2.8822,296.4763,359.6969,521.4902,5408.2668,1.9213,731.3407,3425.881,3.0592,349.3696,416.9325,0,0,0.139,0,0,24000,24166,112474,49410,87.88,102.27,172.46,173.6,30.44,3.73,25.63,5.23,25.14,58.4,0,47,0
capacidade,redis,escrita,800,2,2,86,2026-09-23T06:24:21.031Z,780.5754,23752,461.7123,248.0203,1049.1516,1136.6656,3545.4571,7003.9727,86.4086,5790.0105,6743.7525,258.203,1088.0473,1185.1302,0,249,0.1615,0,0,23752,23861,111311,48817,92.84,106.2,171.72,173.9,33.09,3.85,25.39,5.63,24.97,43.5,0,46,0
capacidade,memory,escrita,400,2,1,87,2026-09-23T06:25:14.038Z,399.9862,12001,1.6975,1.4937,1.9438,2.5974,6.808,39.8225,0.6743,1.4914,3.5802,1.5152,2.7592,6.9313,0,0,0.1493,0,0,12001,12072,56354,24789,47.73,55.81,144.69,145.4,14.62,0.72,22.62,3.02,13.34,19.68,0,49,1
capacidade,memory,escrita,600,2,1,88,2026-09-23T06:26:07.133Z,599.6093,18001,3.2595,1.4739,4.5673,14.5234,39.0307,74.6075,0.6675,7.0932,36.3684,1.5092,14.9668,39.1688,0,0,0.1243,0,0,18001,18151,84616,37263,62.65,79.77,168.11,169.2,20.83,0.7,22.59,4.2,19.42,46.22,0,48,1
capacidade,memory,escrita,800,2,1,89,2026-09-23T06:27:01.720Z,796.8929,24001,43.5618,1.9571,184.3578,266.3967,372.146,5002.0799,1.0973,503.8721,1730.9215,2.0049,256.6555,317.3443,0,0,0.1275,0,0,24001,24196,112738,49693,81.75,103.03,171.15,172.3,29.87,0.74,22.55,5.55,22.59,31.75,0,48,0
capacidade,memory,escrita,800,2,2,90,2026-09-23T06:27:56.297Z,799.9557,24001,42.1211,2.0472,157.5223,234.4895,356.2332,4504.5853,1.1241,482.3754,1642.134,2.0957,227.0705,321.1722,0,0,0.1257,0,0,24001,24202,112733,49698,82.9,102.5,173.51,174.8,30.32,0.77,22.54,5.59,25.74,61.9,0,48,0
capacidade,none,mista,400,2,1,91,2026-09-23T06:29:16.661Z,400.0036,12001,1.4533,1.433,1.9866,2.2915,5.2507,501.8248,0.6733,1.4491,3.1762,1.6837,2.6837,6.3499,0,0,,0,0,12001,13201,43740,25860,39.69,45.88,134.25,135.3,13.68,0.75,22.52,3.17,13.01,16.47,0,50,1
capacidade,none,mista,600,2,1,92,2026-09-23T06:30:09.986Z,599.97,18000,1.6355,1.3326,2.0121,2.5517,8.4436,506.7035,0.6282,1.5881,7.0277,1.5635,3.4183,9.8022,0,0,,0,0,18000,19854,65614,38799,51.67,64.19,143.83,144.5,19.11,0.68,22.24,4.33,17.44,23.48,0,49,1
capacidade,none,mista,800,2,1,93,2026-09-23T06:31:04.150Z,792.67,24000,4.8094,1.4159,4.1747,13.0832,37.2153,2002.7498,0.7223,12.376,55.2648,1.7623,13.474,31.4435,0,0,,0,0,24000,26410,87235,51666,67.59,75.72,155.63,156.5,26.25,0.75,22.25,5.56,23,33.26,0,48,1
capacidade,none,mista,1000,2,1,94,2026-09-23T06:32:00.707Z,983.9611,30000,14.7917,1.7746,29.8583,46.3195,500.5822,2003.329,1.0055,56.0297,501.4431,2.1508,39.5104,66.4684,0,0,,0,0,30000,33013,109158,64588,80.82,95.97,158.75,159.7,33.43,0.72,22.24,6.31,27.5,36.48,0,48,1
capacidade,none,mista,1200,2,1,95,2026-09-23T06:32:59.355Z,957.0047,30855,930.0453,253.2144,4821.2477,5289.2467,5349.3006,5476.426,374.9744,5315.2116,5370.1991,170.4547,324.3234,392.896,0,5145,,0,0,30855,33967,112094,66406,100.36,106.29,156.35,157.7,39.55,0.8,22.23,7.55,29.52,42.62,0,47,0
capacidade,none,mista,1200,2,2,96,2026-09-23T06:33:56.822Z,964.8352,31011,922.2468,249.1608,4793.8735,5288.7957,5355.1117,5448.8147,384.9338,5320.5572,5379.3422,169.2966,297.375,356.5674,0,4990,,0,0,31011,34107,112534,66676,97.71,105.93,155.19,156,39.85,0.75,22.25,7.68,29.16,40.51,0,47,0
capacidade,http,escrita,400,2,1,97,2026-09-23T06:34:49.885Z,399.9854,12001,1.6959,1.4934,1.9178,2.542,7.1605,64.1639,0.1159,1.04,2.0064,1.5165,2.7474,7.3785,0,0,0.7592,905,21,11096,11125,54681,23116,45.35,54.52,141.1,142,13.68,0.76,22.25,2.95,12.73,16.87,0,48,1
capacidade,http,escrita,600,2,1,98,2026-09-23T06:35:42.935Z,599.9575,18001,2.0517,1.4481,2.3033,4.7759,19.3142,59.9518,0.1147,0.932,2.9605,1.4825,5.1514,20.3974,0,0,0.7452,1331,28,16670,16701,82057,34704,60.77,71.67,160.93,162.3,19.34,0.69,22.26,4.28,18.06,23.02,0,48,1
capacidade,http,escrita,800,2,1,99,2026-09-23T06:36:36.302Z,799.9594,24001,6.1434,1.7469,19.3274,33.6652,62.9938,107.52,0.1195,1.5745,27.4969,1.8298,35.3712,64.792,0,0,0.7764,1882,40,22119,22149,109128,46077,79.33,94.75,169.86,171.3,26.79,0.75,22.24,5.51,25.17,58.32,0,47,1
capacidade,http,escrita,1000,2,1,100,2026-09-23T06:37:30.951Z,912.6363,27815,996.3136,1084.4768,1187.7929,1218.6852,2112.514,2361.4374,0.1493,2162.1285,2230.2795,1090.4908,1203.8869,1508.8822,0,2186,0.7834,2196,38,25619,25649,126560,53432,97.6,106.1,178.14,179.8,36.66,0.74,22.24,6.52,27.79,38.97,0,47,0
capacidade,http,escrita,1000,2,2,101,2026-09-23T06:38:53.221Z,913.9457,27868,993.6617,1083.1337,1185.2499,1227.1612,2107.5199,2500.7133,0.1478,2154.7511,2214.961,1089.2547,1204.5567,1584.3893,0,2132,0.7834,2203,39,25665,25695,126776,53522,96.52,107.51,179.24,181.6,35.91,0.79,22.23,6.38,27.33,38.85,0,47,0
capacidade,memory,mista,400,2,1,102,2026-09-23T06:39:46.706Z,393.3812,12000,1.6512,1.4618,2.0819,2.5676,10.677,510.6778,0.6349,1.5141,5.7972,1.7203,3.5614,13.5479,0,0,0.4046,0,0,12000,10802,38948,21068,38.2,44.03,142.76,149.4,12.88,0.74,22.28,3.14,13,17.14,0,49,1
capacidade,memory,mista,600,2,1,103,2026-09-23T06:40:39.626Z,599.9836,18001,4.5199,1.3998,2.747,12.7718,63.8455,502.3421,0.6026,8.9444,70.3192,1.656,14.9645,59.9099,0,0,0.3839,0,0,18001,16444,58827,31995,51.57,60.72,155.12,165.9,18.04,0.71,22.26,4.29,19.32,48.2,0,48,1
capacidade,memory,mista,800,2,1,104,2026-09-23T06:41:33.792Z,787.8483,24001,17.7554,1.5357,40.7545,74.5335,500.4048,2502.9524,0.7119,86.1393,501.3774,1.9077,70.8168,114.0542,0,0,0.391,0,0,24001,21753,77959,42360,68.82,92,166.19,182.4,24.24,0.78,22.23,5.54,23.88,36.77,0,45,1
capacidade,memory,mista,1000,2,1,105,2026-09-23T06:42:29.808Z,984.4607,30001,49.944,2.4672,94.5907,140.2938,1000.189,5020.5721,1.3991,501.2837,1019.3928,3.5809,99.6344,140.532,0,0,0.4083,0,0,30001,26941,97057,52480,83.4,96.17,175.73,194.4,31.9,0.79,22.24,6.59,31.04,69.2,0,45,0
capacidade,memory,mista,1000,2,2,106,2026-09-23T06:43:25.862Z,980.7262,30002,67.7034,2.6975,107.2346,161.9622,1006.4313,5211.4113,1.6033,505.2289,1550.1836,4.9478,108.3403,150.9559,0,0,0.4082,0,0,30002,26938,96982,52473,84.53,97.71,175.29,194.3,31.6,0.75,22.24,6.72,28.81,40.47,0,46,0
capacidade,http,mista,400,2,1,107,2026-09-23T06:44:18.914Z,399.9876,12000,1.1055,1.1005,2.1204,2.4327,4.8969,19.7628,0.1126,0.8128,1.2141,1.7868,2.8964,5.7763,0,0,0.8779,5190,422,6810,6841,32193,14311,31.04,37.65,132.17,133.1,9.74,0.79,22.26,3.04,14.43,35.49,0,47,1
capacidade,http,mista,600,2,1,108,2026-09-23T06:45:11.921Z,599.9796,18000,1.1095,0.9583,2.1403,2.5002,6.2072,15.1963,0.1063,0.7424,1.1199,1.7242,3.3292,8.6226,0,0,0.8952,7931,651,10069,10094,47928,21107,41.48,50.4,143.99,144.8,13.43,0.76,22.27,4.45,18.17,23.49,0,47,1
capacidade,http,mista,800,2,1,109,2026-09-23T06:46:05.150Z,799.9345,24001,1.2112,1.1004,2.3024,2.8165,8.9836,46.6779,0.1029,0.7727,1.4641,1.7534,4.0751,12.5108,0,0,0.8965,10652,875,13349,13372,63552,27973,51.43,59.5,160.4,162.2,17.03,0.73,22.26,5.48,22.49,31.52,0,45,1
capacidade,http,mista,1000,2,1,110,2026-09-23T06:46:58.323Z,999.9686,30000,1.5843,1.2172,2.7277,4.0496,16.8652,60.1919,0.1027,0.7854,1.5498,1.9494,7.9454,24.4034,0,0,0.9116,13525,1075,16475,16493,79100,34561,62.59,76.29,164.57,165.2,21.07,0.73,22.24,6.34,26.09,36.12,0,46,1
capacidade,http,mista,1200,2,1,111,2026-09-23T06:48:19.062Z,1199.9308,36000,2.5558,1.3096,3.7234,10.3485,34.0526,122.136,0.105,0.9532,3.2762,2.1801,20.6888,41.3983,0,0,0.9144,16348,1504,19652,19667,94271,41108,72.96,79.39,168.14,169.2,25.2,0.75,22.25,7.7,29.62,39.32,0,47,1
capacidade,http,mista,1600,2,1,112,2026-09-23T06:49:13.225Z,1597.4308,48001,88.5647,3.2831,262.9496,337.3106,490.0704,1001.0572,0.1239,221.8214,637.7174,142.2092,355.4993,395.4832,0,0,0.911,21753,2491,26248,26266,125239,54639,97.28,103.63,176.66,177.8,39.26,0.79,22.25,9.8,41.47,52.21,0,46,0
capacidade,http,mista,1600,2,2,113,2026-09-23T06:50:07.974Z,1497.2611,46058,530.6906,363.2076,1069.7884,1146.4098,2023.5076,2233.1091,0.1287,1934.2053,2067.8613,970.5999,1110.3619,1149.8695,0,1943,0.9113,20876,2364,25182,25199,120230,52458,97.53,105.69,179.6,181.3,36.67,0.78,22.24,9.33,38.96,48.25,0,46,0
capacidade,http,leitura,400,2,1,114,2026-09-23T06:51:00.903Z,400.0016,12001,0.6446,0.2092,2.0207,3.5104,4.9598,12.4413,0.1978,1.2744,1.7959,3.5172,5.5884,7.0288,0,0,0.9022,9774,1179,2227,2247,8162,4686,14.88,25.52,119.97,124.5,5.38,1.18,22.24,4.56,21.69,33.14,0,48,1
capacidade,http,leitura,600,2,1,115,2026-09-23T06:51:53.870Z,600.015,18001,0.4412,0.1317,1.4935,2.3923,3.2779,21.0764,0.1277,0.8798,1.2817,2.3833,3.6586,6.0904,0,0,0.9198,14927,1790,3074,3087,11731,6467,14.62,24.08,119.67,122.1,5.51,0.89,22.25,4.55,20.92,27.83,0,48,1
capacidade,http,leitura,800,2,1,116,2026-09-23T06:52:46.911Z,799.972,24001,0.4399,0.1191,1.7055,2.4584,3.7387,15.5447,0.1157,0.8149,1.2357,2.4388,4.3473,6.3244,0,0,0.9327,20154,2405,3847,3855,15222,8110,19.67,28.09,129.34,131.6,6.07,0.83,22.24,5.16,24.85,60.43,0,47,1
capacidade,http,leitura,1000,2,1,117,2026-09-23T06:53:40.124Z,999.9128,30001,0.4359,0.1194,1.6887,2.4154,3.6713,19.0375,0.1158,0.8072,1.391,2.395,4.4188,6.8317,0,0,0.9418,25447,3047,4554,4561,18464,9605,22.52,29.14,127.61,130.6,7.24,0.8,22.23,6.11,28.99,66.23,0,47,1
capacidade,http,leitura,1200,2,1,118,2026-09-23T06:54:33.316Z,1199.8709,36001,0.4326,0.117,1.728,2.4162,3.5546,12.3595,0.1135,0.8044,1.4804,2.3792,4.037,7.0499,0,0,0.9493,30758,4110,5243,5249,21719,11046,25.08,32.66,131.68,132.9,7.95,0.82,22.25,6.84,30.07,40.45,0,46,1
capacidade,http,leitura,1600,2,1,119,2026-09-23T06:55:26.425Z,1599.8991,48001,0.4541,0.1165,1.8013,2.4145,3.7263,31.3588,0.1123,0.8461,1.9759,2.3323,4.6273,9.5453,0,0,0.9583,41389,6597,6612,6615,28168,13932,30.31,44.88,129.78,133.4,10,0.81,22.26,8.26,37.69,77.23,0,46,1
capacidade,http,leitura,2000,2,1,120,2026-09-23T06:56:19.500Z,1999.947,60002,0.4743,0.1132,1.8284,2.4652,4.0748,19.7617,0.1083,0.8831,2.2507,2.313,5.5384,10.9529,0,0,0.9638,52018,9389,7984,7985,34640,16816,35.14,45.89,134.58,135.4,11.97,0.79,22.24,9.7,43.56,82.35,0,46,1
capacidade,none,leitura,400,2,1,121,2026-09-23T06:57:39.855Z,399.9915,12001,1.519,0.7884,1.7519,2.2491,3.5998,515.0493,0.7739,1.517,3.2132,2.0128,3.1279,4.7859,0,0,,0,0,12001,14159,29854,26372,29.52,36.93,124.51,130.7,12.81,0.8,22.23,3.41,13.84,18.67,0,48,1
capacidade,none,leitura,600,2,1,122,2026-09-23T06:58:32.818Z,599.9845,18001,1.7199,0.6829,1.5709,2.09,4.373,1502.0712,0.6693,1.3706,4.0591,1.7422,2.8706,5.4161,0,0,,0,0,18001,21259,44840,39567,36.58,44.23,127.78,130.6,16.44,0.75,22.26,4.36,17.31,22.68,0,48,1
capacidade,none,leitura,800,2,1,123,2026-09-23T06:59:26.233Z,788.3903,24001,3.2749,0.6915,1.9289,2.4922,9.8729,1001.4504,0.6532,1.7821,9.8689,2.0197,4.0021,10.0896,0,0,,0,0,24001,28312,59834,52719,46.98,59.48,134.4,136.6,20.08,0.69,22.24,5.48,21.14,28.63,0,47,1
capacidade,none,leitura,1000,2,1,124,2026-09-23T07:00:21.079Z,958.7233,30001,5.907,0.7907,2.2704,4.0959,34.9024,1510.219,0.7237,3.624,39.4862,2.1267,6.5683,19.5726,0,0,,0,0,30001,35424,74755,65912,59.06,68.8,135.24,136.7,25.9,0.72,22.24,6.06,24.92,35.05,0,45,1
capacidade,none,leitura,1200,2,1,125,2026-09-23T07:01:16.087Z,1146.8018,36001,8.7808,0.8202,2.8297,9.2045,500.4488,1508.0487,0.7482,8.9035,500.6341,2.1458,10.5657,27.1968,0,0,,0,0,36001,42516,89740,79069,69.39,75.76,138.25,139.8,31.7,0.74,22.24,7.44,31.54,72.27,0,46,1
capacidade,none,leitura,1600,2,1,126,2026-09-23T07:02:16.561Z,1288.0982,43698,624.5868,49.4325,2518.5696,5018.9724,5075.4362,5224.9225,52.8573,5025.0801,5077.6427,29.1852,81.7287,99.1495,0,4304,,0,0,43698,51629,108858,95966,97.47,105.59,143.77,145.4,44.56,0.77,22.24,10.39,36.63,45.22,0,46,0
capacidade,none,leitura,1600,2,2,127,2026-09-23T07:03:17.104Z,1286.9876,43784,602.7703,46.9499,2502.802,5013.542,5072.9278,5241.767,50.8767,5019.9099,5074.8892,28.6361,82.7894,95.4947,0,4216,,0,0,43784,51708,109180,96160,99.08,105.9,145.67,146.5,45.14,0.76,22.24,10.22,36.61,44.85,0,46,0
capacidade,none,escrita,400,2,1,128,2026-09-23T07:04:10.080Z,399.9896,12001,1.6435,1.4991,1.9273,2.5355,5.8948,33.3748,0.6763,1.4779,3.129,1.5208,2.6084,6.0313,0,0,,0,0,12001,12250,56710,25145,47.3,54.59,141.66,142.5,14.75,0.73,22.23,3.1,14.2,35.46,0,46,1
capacidade,none,escrita,600,2,1,129,2026-09-23T07:05:03.172Z,599.9838,18001,2.2126,1.4388,2.547,5.7359,21.1017,71.1672,0.6626,3.0629,17.1281,1.469,6.0626,21.4327,0,0,,0,0,18001,18373,85059,37706,63.06,74.2,161.39,164.6,21.09,0.71,22.25,4.34,18.51,23.98,0,46,1
capacidade,none,escrita,800,2,1,130,2026-09-23T07:05:57.694Z,799.969,24001,46.8219,2.098,182.4773,248.8796,370.34,5205.312,1.1774,501.2905,2169.2162,2.1343,237.1063,285.0355,0,0,,0,0,24001,24504,113364,50307,82.89,102.86,166.63,167.4,30.59,0.8,22.24,5.59,25.78,62.43,0,46,0
capacidade,none,escrita,800,2,2,131,2026-09-23T07:07:19.501Z,799.9494,24001,43.9756,1.8829,194.875,276.8244,450.5519,5005.7297,0.9814,539.6182,2002.9941,1.9245,268.2767,354.823,0,0,,0,0,24001,24506,113346,50301,80.98,103.82,172.47,174.2,29.94,0.75,22.24,5.61,25.6,56.34,0,47,0
capacidade,redis,leitura,400,2,1,132,2026-09-23T07:08:12.392Z,400.0233,12001,1.0985,0.4286,2.0945,2.4994,3.368,502.9607,0.3994,1.9853,2.5776,2.3701,3.523,4.5448,0,0,0.6623,0,0,12001,6858,15370,11894,26.93,34.39,120.84,125.8,8.81,2.64,38.57,3.45,13.85,17.89,0,47,1
capacidade,redis,leitura,600,2,1,133,2026-09-23T07:09:05.868Z,590.3159,18001,1.8134,0.3687,1.8375,2.2446,3.8401,1002.1718,0.3382,1.7397,3.2042,2.007,3.1349,6.4162,0,0,0.6741,0,0,18001,10118,22730,17463,32.78,40.96,128.72,131.6,11.26,3.09,46.4,4.53,18.14,26.1,0,47,1
capacidade,redis,leitura,800,2,1,134,2026-09-23T07:09:59.080Z,800.0086,24001,2.3586,0.3932,2.1139,2.5971,6.8292,1001.9233,0.3381,1.8963,5.8998,2.2868,4.1454,10.4187,0,0,0.6846,0,0,24001,13255,29917,22798,40.87,51.31,132.7,134,14.77,3.59,54.34,5.53,23.89,59.16,0,46,1
capacidade,redis,leitura,1000,2,1,135,2026-09-23T07:10:53.283Z,986.4367,30002,4.2778,0.4074,2.1364,2.6687,11.381,2001.9133,0.3298,2.0974,11.7331,2.2084,4.3669,11.096,0,0,0.6904,0,0,30002,16442,36987,28120,45.58,55.63,136.4,138.4,17.05,3.86,62.32,5.94,24.61,34.32,0,46,1
capacidade,redis,leitura,1200,2,1,136,2026-09-23T07:11:47.915Z,1168.8792,36001,5.8146,0.5139,2.407,3.5995,45.883,1501.1862,0.383,2.9392,52.813,2.3299,6.6321,21.7992,0,0,0.6934,0,0,36001,19683,44202,33522,53.87,62.53,139.67,140.9,20.78,4.44,69.7,7.06,28.88,38.64,0,45,1
capacidade,redis,leitura,1600,2,1,137,2026-09-23T07:12:42.393Z,1559.0039,48000,13.9146,0.7606,3.7477,11.606,501.1636,5002.9313,0.5893,10.2187,501.4427,2.6198,16.0683,41.7605,0,0,0.7006,0,0,48000,25902,58029,43815,67.32,74.97,141.08,142.1,27.14,5.41,83.67,8.66,36.09,44.22,0,45,1
capacidade,redis,leitura,2000,2,1,138,2026-09-23T07:13:40.266Z,1885.344,60002,36.1431,1.3696,30.7549,90.2638,514.1332,3502.5393,1.1237,499.8923,551.2718,3.557,45.8391,64.2677,0,0,0.6993,0,0,60002,32520,71818,54052,84.01,93.9,141.22,142.1,35.91,6.62,93.99,10.68,43.82,52.13,0,45,1
capacidade,http,leitura,400,3,1,139,2026-09-23T07:14:33.363Z,400.0039,12001,0.6055,0.2003,1.8772,3.3097,4.7049,8.6929,0.188,1.1903,1.6723,3.3379,5.2245,6.4815,0,0,0.9022,9773,1180,2228,2248,8164,4688,14.05,22.62,118.9,123.6,5.21,1.17,23.15,4.44,20.97,29.01,0,46,1
capacidade,http,leitura,600,3,1,140,2026-09-23T07:15:26.340Z,599.9834,18001,0.4395,0.1332,1.5245,2.4057,3.368,10.9223,0.1289,0.8904,1.2912,2.4019,3.7823,4.9522,0,0,0.9196,14923,1790,3078,3091,11743,6476,15,28.06,120.97,124,5.52,0.91,23.14,4.54,20.94,29.17,0,46,1
capacidade,http,leitura,800,3,1,141,2026-09-23T07:16:46.934Z,799.9909,24001,0.4372,0.119,1.7095,2.4649,3.6453,21.4491,0.1156,0.8114,1.2979,2.4448,4.1642,6.6643,0,0,0.9324,20149,2405,3852,3860,15229,8120,19.57,27.86,127.15,130.2,6.3,0.84,23.14,5.31,23.03,32.59,0,45,1
capacidade,http,leitura,1000,3,1,142,2026-09-23T07:17:40.104Z,999.9825,30002,0.449,0.1192,1.7404,2.4801,3.7903,20.7263,0.1155,0.8092,1.3928,2.452,4.4439,7.4497,0,0,0.942,25455,3048,4547,4554,18447,9591,23.09,30.41,131.14,132.5,7.46,0.84,23.09,6.31,27.21,41.28,0,44,1
capacidade,http,leitura,1200,3,1,143,2026-09-23T07:18:33.311Z,1199.9748,36001,0.4367,0.1179,1.7021,2.4009,3.6679,26.602,0.1144,0.8032,1.4309,2.3745,4.5025,7.3565,0,0,0.9491,30753,4110,5248,5255,21730,11057,25.55,32.85,130.07,132,8.13,0.82,22.48,6.95,29.72,40.07,0,45,1
capacidade,http,leitura,1600,3,1,144,2026-09-23T07:19:26.500Z,1599.8628,48002,0.4634,0.1166,1.8146,2.4379,3.7951,31.7602,0.1126,0.8698,2.005,2.3447,4.5102,9.8535,0,0,0.9584,41391,6598,6611,6614,28172,13930,30.49,43.42,133.92,135.5,9.64,0.78,22.3,8.26,34.74,41.87,0,44,1
capacidade,http,leitura,2000,3,1,145,2026-09-23T07:20:19.659Z,1999.8875,59999,0.498,0.115,1.8595,2.5023,4.4076,29.6252,0.1101,0.9577,2.6664,2.3118,5.5959,11.2895,0,0,0.9637,52010,9386,7989,7990,34651,16827,35.37,48.04,135.38,136.2,11.88,0.78,22.29,9.51,43.64,77.43,0,45,1
capacidade,redis,escrita,400,3,1,146,2026-09-23T07:21:12.670Z,399.9964,12001,2.0177,1.5985,2.2057,3.0302,11.7178,84.9234,0.7731,1.9098,7.3039,1.6222,3.2332,12.3352,0,0,0.1502,0,0,12001,12071,56348,24783,47.25,54.21,144.96,146,14.15,2.3,24.33,2.88,13.74,37.13,0,46,1
capacidade,redis,escrita,600,3,1,147,2026-09-23T07:22:05.682Z,599.8907,18000,3.3182,1.64,4.6092,12.5548,37.029,501.2546,0.8069,8.1935,33.1159,1.681,12.654,37.7814,0,0,0.1209,0,0,18000,18156,84586,37236,67.85,81.61,163.69,165.6,21.41,3.11,25.18,4.28,18.63,29.38,0,45,1
capacidade,redis,escrita,800,3,1,148,2026-09-23T07:23:00.254Z,799.9376,24001,67.889,2.6606,268.0355,359.9643,501.691,5179.5566,1.6878,705.684,2640.9302,2.7339,350.5898,416.9665,0,0,0.1282,0,0,24001,24196,112536,49480,86.61,104.52,173.86,175.2,30.73,3.78,25.74,5.29,22.99,30.97,0,46,0
capacidade,redis,escrita,800,3,2,149,2026-09-23T07:23:54.778Z,799.908,24001,42.9498,2.8146,154.5382,210.8253,310.6737,3502.731,1.8892,410.6533,1485.5047,2.9498,205.1275,268.572,0,0,0.1239,0,0,24001,24205,112484,49439,90.15,104.59,169.52,170.5,31.03,3.78,25.75,5.44,24.75,38.57,0,45,0
capacidade,none,leitura,400,3,1,150,2026-09-23T07:24:47.767Z,399.9964,12001,1.3716,0.7878,1.7199,2.2616,3.3425,502.2239,0.772,1.4871,2.803,2.0288,3.2766,5.3175,0,0,,0,0,12001,14158,29847,26371,28.83,35.47,120.58,127.1,12.72,0.82,22.68,3.52,13.91,17.71,0,46,1
capacidade,none,leitura,600,3,1,151,2026-09-23T07:26:08.328Z,599.96,18000,1.4235,0.6863,1.5491,2.0574,3.72,1001.8507,0.6715,1.3379,3.4568,1.7347,2.7231,5.0794,0,0,,0,0,18000,21256,44820,39562,38.33,46.66,132.19,134.7,16.38,0.75,22.67,4.45,17.34,22.42,0,46,1
capacidade,none,leitura,800,3,1,152,2026-09-23T07:27:01.731Z,799.974,24000,3.3631,0.6812,1.842,2.399,9.2636,1504.6717,0.6478,1.6604,8.9895,1.9732,3.6862,10.7255,0,0,,0,0,24000,28313,59820,52716,46.42,53.81,134.03,135.6,21.15,0.69,22.69,5.54,22.97,54.22,0,46,1
capacidade,none,leitura,1000,3,1,153,2026-09-23T07:27:55.453Z,990.2232,30001,5.2885,0.7702,2.17,3.2307,27.8107,2000.6057,0.7121,2.7639,31.6562,2.1131,5.213,15.6436,0,0,,0,0,30001,35420,74773,65910,57.01,64.75,134.22,135.7,26.67,0.74,22.63,6.26,25.45,36.75,0,45,1
capacidade,none,leitura,1200,3,1,154,2026-09-23T07:28:50.519Z,1179.7391,36001,12.9391,0.8628,5.558,19.8143,501.0199,3500.8687,0.7802,20.1715,501.1495,2.2198,18.2099,39.0942,0,0,,0,0,36001,42517,89736,79075,68.21,82.61,138.64,139.4,32.19,0.74,22.6,7.18,32.11,73.4,0,45,1
capacidade,none,leitura,1600,3,1,155,2026-09-23T07:29:50.246Z,1299.0627,43149,652.8827,52.5834,3001.2943,5022.2697,5078.0692,5204.7844,56.5215,5027.1009,5080.8292,31.0997,85.7052,106.4825,0,4851,,0,0,43149,50947,107532,94738,97.29,105.2,146.14,146.9,45.63,0.82,22.3,10.03,38.61,76.28,0,46,0
capacidade,none,leitura,1600,3,2,156,2026-09-23T07:30:51.057Z,1313.3534,43666,617.4103,48.2864,2515.828,5019.3378,5077.4509,5210.7124,51.9333,5025.0549,5079.5753,29.1751,81.9727,94.8949,0,4334,,0,0,43666,51581,108956,95908,100.01,105.71,150.49,151.7,45.28,0.79,22.3,10.05,36.08,44.44,0,46,0
capacidade,http,mista,400,3,1,157,2026-09-23T07:31:43.951Z,399.9878,12001,1.0959,1.1111,2.1049,2.4153,4.8445,12.5578,0.1129,0.8003,1.3915,1.7707,2.9025,5.8311,0,0,0.8767,5183,422,6818,6849,32208,14325,30.63,39.2,128.83,130.1,9.65,0.74,22.31,3.06,13.22,17.13,0,46,1
capacidade,http,mista,600,3,1,158,2026-09-23T07:32:37.393Z,599.958,18001,1.0986,0.9624,2.102,2.4377,5.9338,32.7339,0.1062,0.7325,1.0838,1.6932,3.3911,7.382,0,0,0.8972,7948,651,10053,10076,47898,21074,41.11,53.86,149.21,150.6,13.22,0.77,22.31,4.27,17.88,23.51,0,46,1
capacidade,http,mista,800,3,1,159,2026-09-23T07:33:30.520Z,799.9988,24002,1.2219,1.0336,2.2614,2.7699,7.4169,57.1593,0.1019,0.738,1.3998,1.7318,4.1881,11.2529,0,0,0.8983,10676,875,13326,13350,63500,27927,49.61,59.01,164.88,167.6,16.63,0.73,22.3,5.44,21.99,28.94,0,46,1
capacidade,http,mista,1000,3,1,160,2026-09-23T07:34:23.599Z,999.9146,30000,1.8022,1.2553,2.7789,4.7092,24.6073,73.8962,0.1047,0.7992,1.6943,1.9542,10.555,32.686,0,0,0.9121,13534,1077,16466,16485,79076,34543,61.81,74.38,165.74,167.4,21.12,0.73,22.3,6.61,27.13,42.89,0,44,1
capacidade,http,mista,1200,3,1,161,2026-09-23T07:35:44.206Z,1199.9266,36000,3.0305,1.3152,4.0283,14.6578,44.8026,500.4294,0.1061,1.0095,7.8518,2.1685,25.8523,53.2306,0,0,0.9131,16322,1503,19678,19696,94335,41163,71.89,83.73,169.15,170.7,25.16,0.76,22.3,7.59,30.91,42.21,0,45,1
capacidade,http,mista,1600,3,1,162,2026-09-23T07:36:39.047Z,1529.5365,46839,416.8061,210.6969,1040.6361,1115.444,1970.4015,2254.3527,0.129,1839.4747,2013.1596,797.2048,1078.9549,1131.2489,0,1160,0.912,21254,2430,25585,25602,122167,53283,97.8,106.55,179.18,181.8,37.27,0.76,22.33,9.31,39.93,49.31,0,45,0
capacidade,http,mista,1600,3,2,163,2026-09-23T07:37:33.730Z,1495.8586,45546,585.6724,819.8945,1201.8161,1288.3204,2015.1301,2522.6878,0.1302,1910.0586,2071.202,997.9877,1247.2693,1295.636,0,2455,0.9112,20638,2311,24908,24925,118907,51885,99.08,106.82,180.66,184.1,36.62,0.76,22.29,9.09,39.55,48.25,0,45,0
capacidade,http,escrita,400,3,1,164,2026-09-23T07:38:26.705Z,399.998,12000,1.6009,1.5026,1.9611,2.5582,6.2191,33.272,0.1178,0.9478,1.583,1.5279,2.7402,6.4953,0,0,0.7632,909,20,11091,11119,54669,23104,45.62,58.67,143.21,144.5,13.71,0.74,22.29,2.95,12.82,16.23,0,47,1
capacidade,http,escrita,600,3,1,165,2026-09-23T07:39:19.658Z,599.9892,18001,2.1709,1.4433,2.3604,5.173,21.7273,74.3713,0.1132,0.9076,3.1531,1.4806,5.5979,22.9236,0,0,0.7525,1344,28,16657,16688,82031,34678,59.42,71.17,159.85,160.6,19.56,0.72,22.29,4.18,17.85,23.46,0,46,1
capacidade,http,escrita,800,3,1,166,2026-09-23T07:40:13.242Z,799.2549,24001,6.4749,1.7201,20.858,36.0611,70.043,122.3006,0.1195,1.5878,23.2345,1.8099,38.0429,72.4674,0,0,0.7727,1873,39,22128,22159,109134,46089,77.67,99.93,171.86,173,27.28,0.74,22.29,5.67,23.44,35.31,0,45,1
capacidade,http,escrita,1000,3,1,167,2026-09-23T07:41:08.071Z,887.8453,27230,1018.5309,1113.2057,1226.9062,1267.4195,2186.5746,2501.5555,0.1466,2238.185,2337.1456,1120.2072,1248.5613,1534.3485,0,2771,0.7814,2141,38,25089,25119,123989,52359,98.08,106.74,179.22,182.1,36.17,0.79,22.31,6.58,27.3,39.48,0,44,0
capacidade,http,escrita,1000,3,2,168,2026-09-23T07:42:03.115Z,903.6677,27565,1009.4913,1096.0027,1215.2208,1252.2375,2123.9156,2500.7479,0.1517,2162.076,2245.186,1101.7873,1239.0418,1658.3389,0,2436,0.7863,2182,38,25383,25412,125437,52951,101.58,106.51,179.83,182.4,36.9,0.79,22.29,6.52,27.57,39.17,0,45,0
capacidade,memory,escrita,400,3,1,169,2026-09-23T07:42:56.028Z,400.016,12001,1.6244,1.479,1.9264,2.4776,6.0665,26.9712,0.6687,1.5238,4.3858,1.5001,2.5927,6.1732,0,0,0.156,0,0,12001,12063,56337,24772,45.27,54.26,145.06,146,14.3,0.72,22.3,3.09,12.87,16.64,0,45,1
capacidade,memory,escrita,600,3,1,170,2026-09-23T07:43:48.893Z,600.0034,18001,3.4207,1.465,4.7545,15.2142,41.7063,502.7065,0.6876,14.0977,48.1176,1.4988,15.3367,41.0819,0,0,0.1282,0,0,18001,18144,84601,37248,62.74,81.71,160.88,162.5,21.03,0.71,22.29,4.26,18.21,24.82,0,45,1
capacidade,memory,escrita,800,3,1,171,2026-09-23T07:45:10.799Z,799.9926,24001,40.8088,1.9904,173.8693,239.0793,313.6903,4500.8021,1.0878,452.6056,1503.9618,2.0419,234.1857,281.1719,0,0,0.1285,0,0,24001,24195,112733,49685,82.75,104.27,174.03,175,30.28,0.74,22.31,5.83,23.96,34.32,0,46,0
capacidade,memory,escrita,800,3,2,172,2026-09-23T07:46:06.416Z,788.2596,24001,68.7045,2.2915,299.2796,365.0125,501.1138,5134.1462,1.2548,712.9845,2634.4636,2.3808,356.7217,414.4334,0,0,0.1332,0,0,24001,24181,112709,49669,84.48,106.82,173.68,175.1,30.99,0.77,22.3,5.65,24.04,35.55,0,45,0
capacidade,none,mista,400,3,1,173,2026-09-23T07:46:59.439Z,399.9995,12001,1.354,1.4337,1.9715,2.3185,4.8323,14.5981,0.6702,1.4269,3.1065,1.6841,2.6728,5.6143,0,0,,0,0,12001,13201,43743,25860,39.45,47.38,129.98,132.2,13.9,0.76,22.3,3.21,13.05,16.87,0,46,1
capacidade,none,mista,600,3,1,174,2026-09-23T07:47:52.572Z,600.0147,18001,1.8208,1.3424,2.0817,3.2038,11.5857,502.304,0.6265,1.9081,9.9891,1.5767,4.2291,12.265,0,0,,0,0,18001,19855,65628,38801,52.15,62.43,147.52,149.1,19.48,0.74,22.3,4.42,17.73,23.33,0,45,1
capacidade,none,mista,800,3,1,175,2026-09-23T07:48:45.922Z,800.0043,24001,5.1094,1.4133,3.8665,11.5059,42.6146,2002.4131,0.7294,10.8619,59.3679,1.7546,11.8959,32.4228,0,0,,0,0,24001,26408,87242,51663,66.4,76.7,154.53,155.4,26.02,0.73,22.3,5.52,22.35,30.5,0,46,1
capacidade,none,mista,1000,3,1,176,2026-09-23T07:49:41.789Z,983.6045,30000,276.1686,38.1705,430.5633,1500.7313,5117.988,5239.4763,48.4358,4501.1064,5159.7157,33.3849,201.4311,288.3942,0,0,,0,0,30000,32988,109065,64575,92.53,104.46,158.2,158.8,37.66,0.82,22.31,7.46,32.57,72.63,0,44,0
capacidade,none,mista,1000,3,2,177,2026-09-23T07:50:38.099Z,967.8882,30001,26.0591,2.0737,49.2831,77.695,502.0615,3014.4906,1.1166,125.4072,577.811,2.4428,59.1503,87.3939,0,0,,0,0,30001,33023,109119,64616,84.95,98.46,153.96,154.7,34.35,0.72,22.3,6.49,27.83,38.88,0,45,1
capacidade,none,mista,1200,3,1,178,2026-09-23T07:51:35.840Z,975.6006,31365,912.4965,238.2876,4781.363,5272.5288,5329.805,5478.0161,356.2016,5298.7625,5354.4137,162.3409,319.7421,387.6527,0,4636,,0,0,31365,34502,113944,67470,99.3,106.52,157.09,158.1,39.16,0.78,22.3,7.89,30.55,43.1,0,45,0
capacidade,none,mista,1200,3,2,179,2026-09-23T07:52:34.176Z,963.6069,31284,908.651,240.7635,4764.2014,5279.4654,5336.7664,5425.6297,367.4096,5304.065,5359.123,165.2304,323.6885,393.1618,0,4717,,0,0,31284,34441,113718,67334,97.64,106.01,156.83,157.9,39.23,0.78,22.3,7.97,29.89,40.27,0,45,0
capacidade,redis,mista,400,3,1,180,2026-09-23T07:53:27.427Z,400.0313,12001,1.527,1.5844,2.1817,2.5718,5.4546,502.3613,0.7632,1.7033,3.7324,1.8247,3.0888,6.5347,0,0,0.4005,0,0,12001,10828,38999,21119,40.02,46.01,133.76,137,12.5,2.52,31.37,3.18,13.74,33.26,0,47,1
capacidade,redis,mista,600,3,1,181,2026-09-23T07:54:48.356Z,600.0099,18001,1.8504,1.5331,2.382,3.0558,8.5447,1002.7417,0.7174,2.0708,6.0001,1.8141,4.0124,10.5619,0,0,0.3811,0,0,18001,16471,58839,32015,54.09,64.85,146.18,146.8,17.94,3.14,36.25,4.53,18.88,45.53,0,46,1
capacidade,redis,mista,800,3,1,182,2026-09-23T07:55:41.645Z,799.8416,24001,6.4895,1.6661,6.388,19.5537,55.3117,2003.2328,0.796,16.3299,104.0107,2.0691,21.5559,47.8412,0,0,0.3889,0,0,24001,21780,77611,42028,68.52,78.08,151.1,152.3,24.19,3.86,40.33,5.18,22.8,33.82,0,45,1
capacidade,redis,mista,1000,3,1,183,2026-09-23T07:56:37.408Z,989.869,30001,16.2503,2.0881,31.8482,52.8575,500.9582,2000.4151,1.1684,63.4117,502.359,2.5032,48.2889,78.4408,0,0,0.3971,0,0,30001,27108,96289,51743,82.49,94.84,157.69,158.8,29.89,4.51,42.71,6.17,26.77,36.25,0,45,1
capacidade,redis,mista,1200,3,1,184,2026-09-23T07:57:35.864Z,1002.3412,33026,827.6229,268.1939,3004.4466,5395.9514,5511.3795,5600.325,483.3449,5462.3885,5529.5811,244.109,309.551,339.4886,0,2974,0.4373,0,0,33026,29002,101022,52049,97.49,104.79,157.56,159.3,35.84,4.66,41.67,6.6,27.8,38.02,0,45,0
capacidade,redis,mista,1200,3,2,185,2026-09-23T07:58:33.549Z,1051.0738,33656,807.0245,246.7271,3002.0123,5368.2086,5477.2095,5590.226,439.4038,5431.0592,5502.3522,225.4865,284.1699,318.1863,0,2345,0.4344,0,0,33656,29575,102903,53084,97.41,102.68,158.57,159.4,36.72,4.71,41.9,6.79,30.69,71.45,0,44,0
capacidade,none,escrita,400,3,1,186,2026-09-23T07:59:26.542Z,400.0099,12001,1.6943,1.4847,1.95,2.6548,6.7984,49.7658,0.683,1.6945,3.7822,1.505,2.8257,6.9563,0,0,,0,0,12001,12249,56713,25145,45.71,56.96,140.8,142.4,14.7,0.72,22.59,3.08,12.95,17.05,0,45,1
capacidade,none,escrita,600,3,1,187,2026-09-23T08:00:19.568Z,600.0051,18001,2.9001,1.4535,3.5067,8.5605,40.0248,86.3909,0.6596,5.4996,36.2921,1.4883,8.9117,40.2751,0,0,,0,0,18001,18373,85060,37707,62.45,80.39,165.28,166.6,21.2,0.72,22.61,4.24,18.16,25.11,0,43,1
capacidade,none,escrita,800,3,1,188,2026-09-23T08:01:14.287Z,799.9881,24000,53.8169,2.1269,224.9926,292.2877,475.8008,5000.3785,1.2136,581.7723,2450.3336,2.1706,283.5019,340.3949,0,0,,0,0,24000,24503,113355,50307,84.29,102.44,175.4,176.2,30.43,0.76,22.56,5.66,24.05,33.83,0,44,0
capacidade,none,escrita,800,3,2,189,2026-09-23T08:02:08.545Z,800.0085,24001,49.499,1.8925,223.7365,306.603,474.4573,4532.6478,1.0304,623.9218,2133.452,1.9331,299.1555,367.4831,0,0,,0,0,24001,24504,113355,50302,81.63,104.97,171.39,172.5,30.08,0.76,22.46,5.59,25.66,62.11,0,45,0
capacidade,redis,leitura,400,3,1,190,2026-09-23T08:03:01.540Z,400.0287,12001,1.2988,0.4153,2.0482,2.4854,3.445,502.9828,0.3915,1.9531,2.8348,2.3279,3.4082,5.3421,0,0,0.6631,0,0,12001,6842,15340,11864,25.93,31.46,120.47,125.1,9.13,2.61,38.55,3.53,14.01,17.36,0,48,1
capacidade,redis,leitura,600,3,1,191,2026-09-23T08:04:21.950Z,600.0285,18001,1.4235,0.3687,1.8299,2.2786,3.7672,1001.0778,0.3402,1.7079,2.8697,2.0553,3.536,5.7791,0,0,0.674,0,0,18001,10129,22758,17488,32.56,39.34,127.16,130.2,11.04,3.12,46.63,4.6,17.88,23.54,0,46,1
capacidade,redis,leitura,800,3,1,192,2026-09-23T08:05:15.448Z,795.404,24000,2.2386,0.3859,2.0232,2.4425,4.9925,1500.403,0.3348,1.7826,4.471,2.234,3.6485,7.885,0,0,0.6842,0,0,24000,13274,29930,22809,40.12,45.98,134.72,136.6,13.89,3.48,54.02,5.45,21.35,30.25,0,46,1
capacidade,redis,leitura,1000,3,1,193,2026-09-23T08:06:10.149Z,983.0464,30000,4.0837,0.4239,2.1618,2.6824,9.4712,2501.3358,0.3404,2.0784,9.3007,2.2529,4.1203,10.592,0,0,0.6909,0,0,30000,16423,36972,28087,46.11,60.99,134.12,135.1,16.98,3.99,62.37,5.97,25.13,34.25,0,46,1
capacidade,redis,leitura,1200,3,1,194,2026-09-23T08:07:04.966Z,1180.3229,36001,5.3711,0.5158,2.3855,3.2926,24.6739,2002.024,0.3812,2.6616,28.052,2.342,6.6576,17.0732,0,0,0.694,0,0,36001,19659,44174,33503,54.83,64.65,135.98,137.4,20.72,4.45,69.59,6.91,29.17,40.22,0,46,1
capacidade,redis,leitura,1600,3,1,195,2026-09-23T08:08:00.253Z,1522.8306,48007,21.5262,0.8114,4.7769,18.1886,502.5918,5045.0766,0.6551,17.8384,503.3012,2.6616,19.72,46.5123,0,0,0.7,0,0,48007,25961,58097,43878,68.88,78.18,136.87,141.3,28.22,5.5,83.27,8.81,36.15,43.86,0,46,1
capacidade,redis,leitura,2000,3,1,196,2026-09-23T08:08:59.292Z,1832.2394,60003,43.19,1.5422,35.559,499.9316,1000.6731,5010.2118,1.2641,500.2519,1001.0075,3.7539,48.2239,70.7757,0,0,0.6989,0,0,60003,32515,72044,54203,84.92,96.78,143.75,145.1,36.54,6.63,92.56,10.39,43.33,48.22,0,44,0
capacidade,redis,leitura,2000,3,2,197,2026-09-23T08:09:57.727Z,1958.4116,60002,35.4869,1.3693,27.9956,74.0676,526.5528,4003.0189,1.121,499.8211,999.7192,3.5708,44.3144,65.0745,0,0,0.6995,0,0,60002,32502,72030,54203,83.7,95.82,141.92,142.6,36.34,6.56,93.96,10.33,43.67,50.75,0,45,1
capacidade,memory,mista,400,3,1,198,2026-09-23T08:10:50.725Z,400.0199,12001,1.5136,1.4561,2.0737,2.4762,6.8797,501.9258,0.6334,1.4874,4.5737,1.7149,3.2688,8.1921,0,0,0.4016,0,0,12001,10821,38989,21106,38.27,44.78,146.46,153.4,12.86,0.78,23.05,3.3,13.02,16.66,0,46,1
capacidade,memory,mista,600,3,1,199,2026-09-23T08:11:43.888Z,597.1836,18000,4.7536,1.398,3.0416,16.3736,63.6494,1502.0084,0.6,10.6873,69.4942,1.6657,20.3663,60.0393,0,0,0.384,0,0,18000,16441,58815,31985,52.7,59.04,153,163.5,18.21,0.71,23.06,4.39,18.38,27.36,0,45,1
capacidade,memory,mista,800,3,1,200,2026-09-23T08:12:37.647Z,787.2218,24001,11.9263,1.4857,25.3606,53.6294,151.5546,1001.075,0.6718,58.9725,500.7137,1.8619,50.1744,97.7347,0,0,0.3896,0,0,24001,21768,77993,42391,65.5,79.52,166.58,182.9,23.81,0.76,23.05,5.3,22.68,30.39,0,45,1
capacidade,memory,mista,1000,3,1,201,2026-09-23T08:14:01.097Z,981.9966,30000,68.9653,3.1799,123.3913,193.8409,1005.7307,5001.6694,1.886,535.428,1530.0438,7.5235,123.4412,177.0527,0,0,0.4124,0,0,30000,26874,96902,52355,85.69,101.94,178.7,197.7,33,0.77,22.68,6.76,31.51,71.19,0,44,0
capacidade,memory,mista,1000,3,2,202,2026-09-23T08:14:58.077Z,968.1124,30001,61.1471,2.778,105.6855,176.557,1001.7173,5042.3777,1.6862,503.3471,1501.6914,4.7794,106.0487,171.9465,0,0,0.4082,0,0,30001,26945,97038,52472,84.07,95.82,178.62,196.2,32.54,0.76,22.66,6.67,31.04,73.51,0,45,0
capacidade,memory,leitura,400,3,1,203,2026-09-23T08:15:51.167Z,400.0089,12001,1.2374,0.326,1.9616,2.5072,3.8775,501.0353,0.3075,1.7607,2.7554,2.3643,3.9422,16.4589,0,0,0.6629,0,0,12001,6852,15355,11882,24.98,36.68,142.07,160.1,9.39,0.89,22.3,3.72,14.88,18.91,0,46,1
capacidade,memory,leitura,600,3,1,204,2026-09-23T08:16:44.250Z,600.0002,18001,2.3596,0.2604,1.7218,2.2555,25.1493,507.0604,0.2437,1.492,23.2995,1.9175,3.4802,32.1521,0,0,0.6732,0,0,18001,10134,22791,17518,29.19,38.74,163.06,184.4,11.46,0.76,22.34,4.52,18.03,25.71,0,46,1
capacidade,memory,leitura,800,3,1,205,2026-09-23T08:17:37.912Z,787.7145,24001,4.5577,0.2702,2.0345,2.7184,56.947,1501.0558,0.2355,1.8569,58.1556,2.1182,5.5177,41.499,0,0,0.6825,0,0,24001,13324,30104,22984,36.25,47.64,178.95,205.3,14.58,0.75,22.3,5.43,22.12,28.62,0,46,1
capacidade,memory,leitura,1000,3,1,206,2026-09-23T08:18:32.364Z,976.2106,30001,8.93,0.3115,2.3384,8.5046,500.1441,1502.0236,0.245,7.2775,500.2902,2.1291,17.9161,77.9761,0,0,0.6902,0,0,30001,16436,37122,28272,43.1,56.18,193.73,219.4,16.2,0.75,22.3,6.05,28.08,72.53,0,44,1
capacidade,memory,leitura,1200,3,1,207,2026-09-23T08:19:26.577Z,1184.5797,36001,15.1076,0.435,5.4203,44.3358,500.5442,2001.182,0.3071,44.1008,500.6178,2.1592,47.022,90.8815,0,0,0.6945,0,0,36001,19584,44315,33634,49.21,60.65,202.44,223.4,19.38,0.74,22.3,7.04,28.77,37.67,0,45,1
capacidade,memory,leitura,1600,3,1,208,2026-09-23T08:20:22.801Z,1533.3355,48003,41.0302,0.8881,76.6879,499.6479,502.205,5010.9914,0.6715,499.9188,502.4868,2.7057,111.4453,157.025,0,0,0.695,0,0,48003,26111,59058,44801,70.09,76.88,217.29,231.1,27.26,0.77,22.23,9.23,38.29,45.54,0,44,0
capacidade,memory,leitura,1600,3,2,209,2026-09-23T08:21:20.486Z,1549.2028,48001,35.8966,0.8364,66.9907,170.9405,501.7082,3000.2736,0.6352,499.7265,501.8555,2.6014,101.8025,159.3639,0,0,0.6962,0,0,48001,26029,58916,44675,66.34,76.67,215.29,228.2,26.85,0.78,22.23,9.48,37.37,48,0,45,0
